Ident,Name,WayPoints,MinCeiling,MinVisibility,Speed,MissedApproachWayPoints,AuthorizedPrograms,UseAsAlternate,AltMinCeiling,AltMinVisibility
OH11,LPV 17 ZODIV,"ZODIV,JANTA,HISGU,ALEDE",327,0.750,70,"JANTA,ZODIV",UCAC,FALSE,,
OH11,LNAV 17 ZODIV,"ZODIV,JANTA,HISGU,ALEDE",514,0.750,70,"JANTA,ZODIV",UCAC,FALSE,,
OH11,LPV 17 HOXOP,"HOXOP,JANTA,HISGU,ALEDE",327,0.750,70,"JANTA,ZODIV",UCAC,FALSE,,
OH11,LNAV 17 HOXOP,"HOXOP,JANTA,HISGU,ALEDE",514,0.750,70,"JANTA,ZODIV",UCAC,FALSE,,
KHAO,ILS 29 HOLGR,HOLGR,200,0.750,90,HKF,,TRUE,,
KHAO,LOC 29 HOLGR,HOLGR,600,1.000,90,HKF,,TRUE,900,2
KHAO,ILS 29 BRNIE,"BRNIE,HOLGR",200,0.750,90,HKF,,TRUE,,
KHAO,LOC 29 BRNIE,"BRNIE,HOLGR",600,1.000,90,HKF,,TRUE,900,2
8OH9,LPV 28 ZUTBU,"ZUTBU,HINIG,JOMBO,PUCKA",224,0.750,70,"ISIGE,DITBE,IPIDE,ETWEE",UCAC,FALSE,,
8OH9,LNAV 28 ZUTBU,"ZUTBU,HINIG,JOMBO,PUCKA",450,0.750,70,"ISIGE,DITBE,IPIDE,ETWEE",UCAC,FALSE,,
8OH9,LPV 28 JOPNA,"JOPNA,HINIG,JOMBO,PUCKA",224,0.750,70,"ISIGE,DITBE,IPIDE,ETWEE",UCAC,FALSE,,
8OH9,LNAV 28 JOPNA,"JOPNA,HINIG,JOMBO,PUCKA",450,0.750,70,"ISIGE,DITBE,IPIDE,ETWEE",UCAC,FALSE,,
KLUK,ILS 21L KUYEY,"KUYEY,SIYOR",323,0.750,90,CALIF,,TRUE,,
KLUK,LOC 21L KUYEY,"KUYEY,SIYOR",725,0.750,90,CALIF,,TRUE,,
KLUK,LPV 21L KUYEY,"KUYEY,SIYOR",281,0.750,90,"WONAN,CALIF",,TRUE,900,2.25
KLUK,LNAV 21L KUYEY,"KUYEY,SIYOR",725,0.750,90,"WONAN,CALIF",,TRUE,900,2.25
KLUK,LNAV 3R CUCJU,"CUCJU,SHILA,WONAN",799,1.000,90,KUYEY,,TRUE,900,2
KLUK,LNAV 3R LODLL,"LODLL,SHILA,WONAN",799,1.000,90,KUYEY,,TRUE,900,2
KLUK,LPV 25 BRNIE,"BRNIE,HINIM,CUXON",875,1.250,90,"JULVU,SHILA,CALIF",,TRUE,900,2.5
KLUK,LPV 25 HINIM,"HINIM,CUXON",875,1.250,90,"JULVU,SHILA,CALIF",,TRUE,900,2.5
KLUK,LPV 25 HIGUP,"HIGUP,HINIM,CUXON",875,1.250,90,"JULVU,SHILA,CALIF",,TRUE,900,2.5
KLUK,LNAV 25 BRNIE,"BRNIE,HINIM,CUXON",682,1.000,90,"JULVU,SHILA,CALIF",,TRUE,900,2.5
KLUK,LNAV 25 HINIM,"HINIM,CUXON",682,1.000,90,"JULVU,SHILA,CALIF",,TRUE,900,2.5
KLUK,LNAV 25 HIGUP,"HIGUP,HINIM,CUXON",682,1.000,90,"JULVU,SHILA,CALIF",,TRUE,900,2.5
I69,LNAV 4 JAGXA,"JAGXA,LICAJ",480,1.000,90,JERAL,,TRUE,,
I69,LNAV 4 JOTPA,"JOTPA,JAGXA,LICAJ",480,1.000,90,JERAL,,TRUE,,
I69,LNAV 22 JERAL,"JERAL,GOSCE",401,1.000,90,JAGXA,,TRUE,,
I69,VOR-B FLM,"FLM,BAILR",577,1.000,90,BAILR,,TRUE,,
16KY,LPV 27 JINSU,"JINSU,CULOT,BROTA,JAXID",385,0.750,70,HAROG,UCAC,FALSE,,
16KY,LNAV 27 JINSU,"JINSU,CULOT,BROTA,JAXID",571,0.750,70,HAROG,UCAC,FALSE,,
16KY,LPV 27 HAROG,"HAROG,CULOT,BROTA,JAXID",385,0.750,70,HAROG,UCAC,FALSE,,
16KY,LNAV 27 HAROG,"HAROG,CULOT,BROTA,JAXID",571,0.750,70,HAROG,UCAC,FALSE,,
2OH3,LPV 32 HAMTU,"HAMTU,JADBI,OXUSE,WUXUS",351,0.750,70,JADBI,UCAC,FALSE,,
2OH3,LNAV 32 HAMTU,"HAMTU,JADBI,OXUSE,WUXUS",555,0.750,70,JADBI,UCAC,FALSE,,
2OH3,LPV 32 CUGPI,"CUGPI,JADBI,OXUSE,WUXUS",351,0.750,70,JADBI,UCAC,FALSE,,
2OH3,LNAV 32 CUGPI,"CUGPI,JADBI,OXUSE,WUXUS",555,0.750,70,JADBI,UCAC,FALSE,,
OA22,LPV 26 CATUV,"CATUV,IPIDE,MEGNE,PLONK",345,0.750,70,"IPIDE,ETWEE",UCAC,FALSE,,
OA22,LNAV 26 CATUV,"CATUV,IPIDE,MEGNE,PLONK",545,0.750,70,"IPIDE,ETWEE",UCAC,FALSE,,
OA22,LPV 26 ETWEE,"ETWEE,IPIDE,MEGNE,PLONK",345,0.750,70,"IPIDE,ETWEE",UCAC,FALSE,,
OA22,LNAV 26 ETWEE,"ETWEE,IPIDE,MEGNE,PLONK",545,0.750,70,"IPIDE,ETWEE",UCAC,FALSE,,
OH49,LPV 01 JINSU,"JINSU,PODIA,WUGOX,ZUPAD",197,0.750,70,"ISIGE,DITBE,IPIDE,ETWEE",UCAC,FALSE,,
OH49,LPV 01 ETWEE,"ETWEE,WOBMI,JASVO,CISLI,JINSU,PODIA,WUGOX,ZUPAD",197,0.750,70,"ISIGE,DITBE,IPIDE,ETWEE",UCAC,FALSE,,
OA15,LPV 09 WELEL,"WELEL,JETUG,WULOR,YITUS,ZUDIK",319,0.750,70,"JETUG,WELEL,ZODIV",UCAC,FALSE,,
OA15,LNAV 09 WELEL,"WELEL,JETUG,WULOR,YITUS,ZUDIK",582,0.750,70,"JETUG,WELEL,ZODIV",UCAC,FALSE,,
OA15,LPV 09 HUNGA,"HUNGA,JETUG,WULOR,YITUS,ZUDIK",319,0.750,70,"JETUG,WELEL,ZODIV",UCAC,FALSE,,
OA15,LNAV 09 HUNGA,"HUNGA,JETUG,WULOR,YITUS,ZUDIK",582,0.750,70,"JETUG,WELEL,ZODIV",UCAC,FALSE,,
61OI,LPV 19 ZIBOM,"ZIBOM,IKUNE,HAKSU,COPUL",269,0.750,70,"IKUNE,WESIT,WETOM,ZODIV",UCAC,FALSE,,
61OI,LNAV 19 ZIBOM,"ZIBOM,IKUNE,HAKSU,COPUL",500,0.750,70,"IKUNE,WESIT,WETOM,ZODIV",UCAC,FALSE,,
61OI,LPV 19 WESIT,"WESIT,IKUNE,HAKSU,COPUL",269,0.750,70,"IKUNE,WESIT,WETOM,ZODIV",UCAC,FALSE,,
61OI,LNAV 19 WESIT,"WESIT,IKUNE,HAKSU,COPUL",500,0.750,70,"IKUNE,WESIT,WETOM,ZODIV",UCAC,FALSE,,
OH37,LPV 01 JASVO,"JASVO,HIVKO,JADAL,WELRA",303,0.750,70,HEGTO,UCAC,FALSE,,
OH37,LNAV 01 JASVO,"JASVO,HIVKO,JADAL,WELRA",503,0.750,70,HEGTO,UCAC,FALSE,,
OH37,LPV 01 CISLI,"CISLI,HIVKO,JADAL,WELRA",303,0.750,70,HEGTO,UCAC,FALSE,,
OH37,LNAV 01 CISLI,"CISLI,HIVKO,JADAL,WELRA",503,0.750,70,HEGTO,UCAC,FALSE,,
5OH0,LPV 36 JASVO,"JASVO,HEGTO,FITUM,CENIP",305,0.750,70,HEGTO,UCAC,FALSE,,
5OH0,LNAV 36 JASVO,"JASVO,HEGTO,FITUM,CENIP",503,0.750,70,HEGTO,UCAC,FALSE,,
5OH0,LPV 36 PEKUN,"PEKUN,HEGTO,FITUM,CENIP",305,0.750,70,HEGTO,UCAC,FALSE,,
5OH0,LNAV 36 PEKUN,"PEKUN,HEGTO,FITUM,CENIP",503,0.750,70,HEGTO,UCAC,FALSE,,
5OH7,LPV 33 DITBE,"DITBE,ISIGE,OUZOS,SLAMS",259,0.875,70,"ZALUK,ZODIV",UCAC,FALSE,,
5OH7,LNAV 33 DITBE,"DITBE,ISIGE,OUZOS,SLAMS",492,0.875,70,"ZALUK,ZODIV",UCAC,FALSE,,
5OH7,LPV 33 FITRO,"FITRO,ISIGE,OUZOS,SLAMS",259,0.875,70,"ZALUK,ZODIV",UCAC,FALSE,,
5OH7,LNAV 33 FITRO,"FITRO,ISIGE,OUZOS,SLAMS",492,0.875,70,"ZALUK,ZODIV",UCAC,FALSE,,
9OH0,LPV 05 HEGTO,"HEGTO,PEKUN,REMLE,WUNLA",324,0.750,70,HEGTO,UCAC,FALSE,,
9OH0,LNAV 05 HEGTO,"HEGTO,PEKUN,REMLE,WUNLA",538,0.750,70,HEGTO,UCAC,FALSE,,
9OH0,LPV 05 ZESAT,"ZESAT,PEKUN,REMLE,WUNLA",324,0.750,70,HEGTO,UCAC,FALSE,,
9OH0,LNAV 05 ZESAT,"ZESAT,PEKUN,REMLE,WUNLA",538,0.750,70,HEGTO,UCAC,FALSE,,
32KY,LPV 34 IYUGE,"IYUGE,JINSU,HANRO,CIGAB",295,0.750,70,JINSU,UCAC,FALSE,,
32KY,LNAV 34 IYUGE,"IYUGE,JINSU,HANRO,CIGAB",543,0.750,70,JINSU,UCAC,FALSE,,
32KY,LPV 34 CISLI,"CISLI,JINSU,HANRO,CIGAB",295,0.750,70,JINSU,UCAC,FALSE,,
32KY,LNAV 34 CISLI,"CISLI,JINSU,HANRO,CIGAB",543,0.750,70,JINSU,UCAC,FALSE,,
K62,LNAV 21 WOGEM,"WOGEM,JIKRU,ZUBVO",461,1.000,90,YANUR,,FALSE,,
K62,LNAV 21 HUXIK,"HUXIK,JIKRU,ZUBVO",461,1.000,90,YANUR,,FALSE,,
K62,VOR-A FLM,"FLM,MAJIB",501,1.000,90,FLM,,FALSE,,