Ident,Name,WayPoints,MinCeiling,MinVisibility,Speed,MissedApproachWayPoints,AuthorizedPrograms,UseAsAlternate,AltMinCeiling,AltMinVisibility,AvailableNight,HeliVisReduction
OH11,LPV 17 ZODIV,"ZODIV,JANTA,HISGU,ALEDE",327,0.75,70,"JANTA,ZODIV",UCAC,FALSE,,,,
OH11,LNAV 17 ZODIV,"ZODIV,JANTA,HISGU,ALEDE",514,0.75,70,"JANTA,ZODIV",UCAC,FALSE,,,,
OH11,LPV 17 HOXOP,"HOXOP,JANTA,HISGU,ALEDE",327,0.75,70,"JANTA,ZODIV",UCAC,FALSE,,,,
OH11,LNAV 17 HOXOP,"HOXOP,JANTA,HISGU,ALEDE",514,0.75,70,"JANTA,ZODIV",UCAC,FALSE,,,,
KHAO,LPV 11 MONTR,"MONTR,CLIFH,DASBY",388,1.125,90,BRNIE,,TRUE,,,,
KHAO,LNAV 11 MONTR,"MONTR,CLIFH,DASBY",528,1,90,BRNIE,,TRUE,,,,
KHAO,LPV 29 BRNIE,"BRNIE,HOLGR,PUNUE",325,0.75,90,MONTR,,TRUE,,,,
KHAO,LNAV 29 BRNIE,"BRNIE,HOLGR,PUNUE",521,0.75,90,MONTR,,TRUE,,,,
KHAO,ILS 29 HOLGR,HOLGR,200,0.75,90,HKF,,TRUE,,,,
KHAO,LOC 29 HOLGR,"HOLGR,ARTHN",547,1,90,HKF,,TRUE,900,2,,
KHAO,ILS 29 BRNIE,"BRNIE,HOLGR",200,0.75,90,HKF,,TRUE,,,,
KHAO,LOC 29 BRNIE,"BRNIE,HOLGR",547,1,90,HKF,,TRUE,900,2,,
8OH9,LPV 28 ZUTBU,"ZUTBU,HINIG,JOMBO,PUCKA",224,0.75,70,"ISIGE,DITBE,IPIDE,ETWEE",UCAC,FALSE,,,,
8OH9,LNAV 28 ZUTBU,"ZUTBU,HINIG,JOMBO,PUCKA",450,0.75,70,"ISIGE,DITBE,IPIDE,ETWEE",UCAC,FALSE,,,,
8OH9,LPV 28 JOPNA,"JOPNA,HINIG,JOMBO,PUCKA",224,0.75,70,"ISIGE,DITBE,IPIDE,ETWEE",UCAC,FALSE,,,,
8OH9,LNAV 28 JOPNA,"JOPNA,HINIG,JOMBO,PUCKA",450,0.75,70,"ISIGE,DITBE,IPIDE,ETWEE",UCAC,FALSE,,,,
KLUK,ILS 21L KUYEY,"KUYEY,SIYOR",323,0.75,90,CALIF,,TRUE,,,,
KLUK,LOC 21L KUYEY,"KUYEY,SIYOR",725,0.75,90,CALIF,,TRUE,,,,
KLUK,LPV 21L KUYEY,"KUYEY,SIYOR",281,0.75,90,"WONAN,CALIF",,TRUE,900,2.25,,
KLUK,LNAV 21L KUYEY,"KUYEY,SIYOR",725,0.75,90,"WONAN,CALIF",,TRUE,900,2.25,,
KLUK,LNAV 3R CUCJU,"CUCJU,SHILA,WONAN",799,1,90,KUYEY,,TRUE,900,2,,
KLUK,LNAV 3R LODLL,"LODLL,SHILA,WONAN",799,1,90,KUYEY,,TRUE,900,2,,
KLUK,LPV 25 BRNIE,"BRNIE,HINIM,CUXON",875,1.25,90,"JULVU,SHILA,CALIF",,TRUE,900,2.5,,
KLUK,LPV 25 HINIM,"HINIM,CUXON",875,1.25,90,"JULVU,SHILA,CALIF",,TRUE,900,2.5,,
KLUK,LPV 25 HIGUP,"HIGUP,HINIM,CUXON",875,1.25,90,"JULVU,SHILA,CALIF",,TRUE,900,2.5,,
KLUK,LNAV 25 BRNIE,"BRNIE,HINIM,CUXON",682,1,90,"JULVU,SHILA,CALIF",,TRUE,900,2.5,,
KLUK,LNAV 25 HINIM,"HINIM,CUXON",682,1,90,"JULVU,SHILA,CALIF",,TRUE,900,2.5,,
KLUK,LNAV 25 HIGUP,"HIGUP,HINIM,CUXON",682,1,90,"JULVU,SHILA,CALIF",,TRUE,900,2.5,,
I69,LNAV 4 JAGXA,"JAGXA,LICAJ",480,1,90,JERAL,,TRUE,,,,
I69,LNAV 4 JOTPA,"JOTPA,JAGXA,LICAJ",480,1,90,JERAL,,TRUE,,,,
I69,LNAV 22 JERAL,"JERAL,GOSCE",401,1,90,JAGXA,,TRUE,,,,
I69,VOR-B FLM,"FLM,BAILR",577,1,90,BAILR,,TRUE,,,,
16KY,LPV 27 JINSU,"JINSU,CULOT,BROTA,JAXID",385,0.75,70,HAROG,UCAC,FALSE,,,,
16KY,LNAV 27 JINSU,"JINSU,CULOT,BROTA,JAXID",571,0.75,70,HAROG,UCAC,FALSE,,,,
16KY,LPV 27 HAROG,"HAROG,CULOT,BROTA,JAXID",385,0.75,70,HAROG,UCAC,FALSE,,,,
16KY,LNAV 27 HAROG,"HAROG,CULOT,BROTA,JAXID",571,0.75,70,HAROG,UCAC,FALSE,,,,
2OH3,LPV 32 HAMTU,"HAMTU,JADBI,OXUSE,WUXUS",351,0.75,70,JADBI,UCAC,FALSE,,,,
2OH3,LNAV 32 HAMTU,"HAMTU,JADBI,OXUSE,WUXUS",555,0.75,70,JADBI,UCAC,FALSE,,,,
2OH3,LPV 32 CUGPI,"CUGPI,JADBI,OXUSE,WUXUS",351,0.75,70,JADBI,UCAC,FALSE,,,,
2OH3,LNAV 32 CUGPI,"CUGPI,JADBI,OXUSE,WUXUS",555,0.75,70,JADBI,UCAC,FALSE,,,,
OA22,LPV 26 CATUV,"CATUV,IPIDE,MEGNE,PLONK",345,0.75,70,"IPIDE,ETWEE",UCAC,FALSE,,,,
OA22,LNAV 26 CATUV,"CATUV,IPIDE,MEGNE,PLONK",545,0.75,70,"IPIDE,ETWEE",UCAC,FALSE,,,,
OA22,LPV 26 ETWEE,"ETWEE,IPIDE,MEGNE,PLONK",345,0.75,70,"IPIDE,ETWEE",UCAC,FALSE,,,,
OA22,LNAV 26 ETWEE,"ETWEE,IPIDE,MEGNE,PLONK",545,0.75,70,"IPIDE,ETWEE",UCAC,FALSE,,,,
OH49,LPV 1 JINSU,"JINSU,PODIA,WUGOX,ZUPAD",197,0.75,70,"ISIGE,DITBE,IPIDE,ETWEE",UCAC,FALSE,,,,
OH49,LPV 1 ETWEE,"ETWEE,WOBMI,JASVO,CISLI,JINSU,PODIA,WUGOX,ZUPAD",197,0.75,70,"ISIGE,DITBE,IPIDE,ETWEE",UCAC,FALSE,,,,
OA15,LPV 9 WELEL,"WELEL,JETUG,WULOR,YITUS,ZUDIK",319,0.75,70,"JETUG,WELEL,ZODIV",UCAC,FALSE,,,,
OA15,LNAV 9 WELEL,"WELEL,JETUG,WULOR,YITUS,ZUDIK",582,0.75,70,"JETUG,WELEL,ZODIV",UCAC,FALSE,,,,
OA15,LPV 9 HUNGA,"HUNGA,JETUG,WULOR,YITUS,ZUDIK",319,0.75,70,"JETUG,WELEL,ZODIV",UCAC,FALSE,,,,
OA15,LNAV 9 HUNGA,"HUNGA,JETUG,WULOR,YITUS,ZUDIK",582,0.75,70,"JETUG,WELEL,ZODIV",UCAC,FALSE,,,,
61OI,LPV 19 ZIBOM,"ZIBOM,IKUNE,HAKSU,COPUL",269,0.75,70,"IKUNE,WESIT,WETOM,ZODIV",UCAC,FALSE,,,,
61OI,LNAV 19 ZIBOM,"ZIBOM,IKUNE,HAKSU,COPUL",500,0.75,70,"IKUNE,WESIT,WETOM,ZODIV",UCAC,FALSE,,,,
61OI,LPV 19 WESIT,"WESIT,IKUNE,HAKSU,COPUL",269,0.75,70,"IKUNE,WESIT,WETOM,ZODIV",UCAC,FALSE,,,,
61OI,LNAV 19 WESIT,"WESIT,IKUNE,HAKSU,COPUL",500,0.75,70,"IKUNE,WESIT,WETOM,ZODIV",UCAC,FALSE,,,,
OH37,LPV 1 JASVO,"JASVO,HIVKO,JADAL,WELRA",303,0.75,70,HEGTO,UCAC,FALSE,,,,
OH37,LNAV 1 JASVO,"JASVO,HIVKO,JADAL,WELRA",503,0.75,70,HEGTO,UCAC,FALSE,,,,
OH37,LPV 1 CISLI,"CISLI,HIVKO,JADAL,WELRA",303,0.75,70,HEGTO,UCAC,FALSE,,,,
OH37,LNAV 1 CISLI,"CISLI,HIVKO,JADAL,WELRA",503,0.75,70,HEGTO,UCAC,FALSE,,,,
5OH0,LPV 36 JASVO,"JASVO,HEGTO,FITUM,CENIP",305,0.75,70,HEGTO,UCAC,FALSE,,,,
5OH0,LNAV 36 JASVO,"JASVO,HEGTO,FITUM,CENIP",503,0.75,70,HEGTO,UCAC,FALSE,,,,
5OH0,LPV 36 PEKUN,"PEKUN,HEGTO,FITUM,CENIP",305,0.75,70,HEGTO,UCAC,FALSE,,,,
5OH0,LNAV 36 PEKUN,"PEKUN,HEGTO,FITUM,CENIP",503,0.75,70,HEGTO,UCAC,FALSE,,,,
5OH7,LPV 33 DITBE,"DITBE,ISIGE,OUZOS,SLAMS",259,0.875,70,"ZALUK,ZODIV",UCAC,FALSE,,,,
5OH7,LNAV 33 DITBE,"DITBE,ISIGE,OUZOS,SLAMS",492,0.875,70,"ZALUK,ZODIV",UCAC,FALSE,,,,
5OH7,LPV 33 FITRO,"FITRO,ISIGE,OUZOS,SLAMS",259,0.875,70,"ZALUK,ZODIV",UCAC,FALSE,,,,
5OH7,LNAV 33 FITRO,"FITRO,ISIGE,OUZOS,SLAMS",492,0.875,70,"ZALUK,ZODIV",UCAC,FALSE,,,,
9OH0,LPV 5 HEGTO,"HEGTO,PEKUN,REMLE,WUNLA",324,0.75,70,HEGTO,UCAC,FALSE,,,,
9OH0,LNAV 5 HEGTO,"HEGTO,PEKUN,REMLE,WUNLA",538,0.75,70,HEGTO,UCAC,FALSE,,,,
9OH0,LPV 5 ZESAT,"ZESAT,PEKUN,REMLE,WUNLA",324,0.75,70,HEGTO,UCAC,FALSE,,,,
9OH0,LNAV 5 ZESAT,"ZESAT,PEKUN,REMLE,WUNLA",538,0.75,70,HEGTO,UCAC,FALSE,,,,
32KY,LPV 34 IYUGE,"IYUGE,JINSU,HANRO,CIGAB",295,0.75,70,JINSU,UCAC,FALSE,,,,
32KY,LNAV 34 IYUGE,"IYUGE,JINSU,HANRO,CIGAB",543,0.75,70,JINSU,UCAC,FALSE,,,,
32KY,LPV 34 CISLI,"CISLI,JINSU,HANRO,CIGAB",295,0.75,70,JINSU,UCAC,FALSE,,,,
32KY,LNAV 34 CISLI,"CISLI,JINSU,HANRO,CIGAB",543,0.75,70,JINSU,UCAC,FALSE,,,,
K62,LNAV 21 WOGEM,"WOGEM,JIKRU,ZUBVO",461,1,90,YANUR,,FALSE,,,,
K62,LNAV 21 HUXIK,"HUXIK,JIKRU,ZUBVO",461,1,90,YANUR,,FALSE,,,,
K62,VOR-A FLM,"FLM,MAJIB",501,1,90,FLM,,FALSE,,,,
KOXD,LPV 5 ZIBUR,"ZIBUR,JOSPU,WIRGO,UHOBI",263,1,90,JUSAL,,FALSE,,,,
KOXD,LNAV 5 ZIBUR,"ZIBUR,JOSPU,WIRGO,UHOBI",379,1,90,JUSAL,,FALSE,,,,
KOXD,LPV 5 FETAV,"FETAV,JOSPU,WIRGO,UHOBI",263,1,90,JUSAL,,FALSE,,,,
KOXD,LNAV 5 FETAV,"FETAV,JOSPU,WIRGO,UHOBI",379,1,90,JUSAL,,FALSE,,,,
KOXD,LPV 5 JOSPU,"JOSPU,WIRGO,UHOBI",263,1,90,JUSAL,,FALSE,,,,
KOXD,LNAV 5 JOSPU,"JOSPU,WIRGO,UHOBI",379,1,90,JUSAL,,FALSE,,,,
KOXD,LPV 23 ZITIS,"ZITIS,JUSAL,WUPIP,USOPY",359,1,90,JOSPU,,FALSE,,,,
KOXD,LNAV 23 ZITIS,"ZITIS,JUSAL,WUPIP,USOPY",379,1,90,JOSPU,,FALSE,,,,
KOXD,LPV 23 YIVUN,"YIVUN,JUSAL,WUPIP,USOPY",359,1,90,JOSPU,,FALSE,,,,
KOXD,LNAV 23 YIVUN,"YIVUN,JUSAL,WUPIP,USOPY",379,1,90,JOSPU,,FALSE,,,,
KOXD,LPV 23 JUSAL,"JUSAL,WUPIP,USOPY",359,1,90,JOSPU,,FALSE,,,,
KOXD,LNAV 23 JUSAL,"JUSAL,WUPIP,USOPY",379,1,90,JOSPU,,FALSE,,,,
I67,LNAV 19 HOMOR,"HOMOR,KIRKS,DAYVI",796,1,90,KIRKS,,FALSE,,,FALSE,
I67,LNAV 19 KIRKS,"KIRKS,DAYVI",796,1,90,KIRKS,,FALSE,,,FALSE,
I67,LNAV 19 JBERT,"JBERT,KIRKS,DAYVI",796,1,90,KIRKS,,FALSE,,,FALSE,
I67,VOR 19 NESRY,"NESRY,IRECA",756,1,90,NESRY,,FALSE,,,FALSE,
KMWO,LOC 23 ONIDA,ONIDA,490,1,90,ONIDA,,FALSE,,,,
KMWO,LNAV 5 DOSVE,"DOSVE,CISPO,FABVU,HASPU",555,1,90,YEBTO,,TRUE,,,FALSE,
KMWO,LNAV 5 CISPO,"CISPO,FABVU,HASPU",555,1,90,YEBTO,,TRUE,,,FALSE,
KMWO,LNAV 5 AVIDE,"AVIDE,CISPO,FABVU,HASPU",555,1,90,YEBTO,,TRUE,,,FALSE,
KMWO,LPV 23 ZABSI,"ZABSI,YEBTO,VOYUV",336,1.125,90,YEBTO,,TRUE,,,,
KMWO,LPV 23 YEBTO,"YEBTO,VOYUV",336,1.125,90,YEBTO,,TRUE,,,,
KMWO,LPV 23 WIBAR,"WIBAR,YEBTO,VOYUV",336,1.125,90,YEBTO,,TRUE,,,,
KMWO,LNAV 23 ZABSI,"ZABSI,YEBTO,VOYUV",490,1,90,YEBTO,,TRUE,,,,
KMWO,LNAV 23 YEBTO,"YEBTO,VOYUV",490,1,90,YEBTO,,TRUE,,,,
KMWO,LNAV 23 WIBAR,"WIBAR,YEBTO,VOYUV",490,1,90,YEBTO,,TRUE,,,,