Ident,Name,WayPoints,MinCeiling,MinVisibility,Speed,AuthorizedPrograms
OH11,JANTA ONE NON-STD,"ALEDE,HISGU,JANTA",500,1.000,70,UCAC
KHAO,STD 29,,0,0.500,90,
KHAO,NON-STD 29,,300,1.000,90,
KHAO,STD 11,,0,0.500,90,
8OH9,HINIG ONE NON-STD,"PUCKA,JOMBO,HINIG",500,1.000,70,UCAC
KLUK,STD 3L,,0,0.500,90,
KLUK,NON-STD 3L,,400,2.000,90,
KLUK,STD 3R,,0,0.500,90,
KLUK,NON-STD 3R,,400,2.000,90,
KLUK,STD 7,,0,0.500,90,
KLUK,NON-STD 7,,400,1.750,90,
KLUK,STD 21L,,0,0.500,90,
KLUK,NON-STD 21L,,500,2.500,90,
KLUK,STD 21R,,0,0.500,90,
KLUK,NON-STD 21R,,500,2.750,90,
KLUK,NON-STD 25,,600,2.500,90,
I69,STD 4,,0,0.500,90,
I69,STD 22,,0,0.500,90,
16KY,CULOT ONE NON-STD,"JAXID,BROTA,CULOT",400,1.000,70,UCAC
2OH3,JADBI ONE NON-STD,"WUXUS,OXUSE,JADBI",400,1.000,70,UCAC
OA22,IPIDE ONE NON-STD,"PLONK,MEGNE,IPIDE",600,1.000,70,UCAC
OH49,JINSU ONE NON-STD,"ZUPAD,WUGOX,PODIA,JINSU",200,1.000,70,UCAC
OA15,JETUG ONE NON-STD,"ZUDIK,WULOR,JETUG",400,1.000,70,UCAC
61OI,IKUNE ONE NON-STD,"COPUL,HAKSU,IKUNE",500,1.000,70,UCAC
OH37,HIVKO ONE NON-STD,"WELRA,JADAL,HIVKO",500,1.000,70,UCAC
5OH0,HEGTO ONE NON-STD,"CENIP,FITUM,HEGTO",400,1.000,70,UCAC
5OH7,ISIGE ONE NON-STD,"SLAMS,OUZOS,ISIGE",500,1.000,70,UCAC
9OH0,ZESAT ONE NON-STD,"WUNLA,REMLE,PEKUN,ZESAT",500,1.000,70,UCAC
32KY,CISLI ONE NON-STD,"CIGAB,HANRO,JINSU,CISLI",500,1.000,70,UCAC