Ident,Description,WeatherStation,TAF,WxCam1,WxCam2,WxCam3
KHAO,Butler County Regional Airport,,KLUK,,,
OH11,West Chester Hospital,KHAO,KLUK,,,
8OH9,University of Cincinnati Hospital,KLUK,KLUK,http://digiwx-8oh9.com,https://www.earthcam.com/usa/ohio/cincinnati/skyline/?cam=cincinnatiskyline,https://www.earthcam.com/usa/kentucky/covington/?cam=covington
KLUK,Cincinnati Municipal Lunken Field,,,https://www.earthcam.com/usa/ohio/cincinnati/skyline/?cam=cincinnatiskyline,https://www.earthcam.com/usa/kentucky/covington/?cam=covington,
I69,Clermont County,KI69,KLUK,,,
16KY,UC Air Care 1A Walton KY,KCVG,KCVG,,,
2OH3,Adams County Hospital,KILN,KILN,,,
OA22,Bethesda North,KHAO,KLUK,,,
OH49,Christ Hospital,KLUK,KLUK,https://www.earthcam.com/usa/ohio/cincinnati/skyline/?cam=cincinnatiskyline,https://www.earthcam.com/usa/kentucky/covington/?cam=covington,
OA15,Fort Hamilton,KHAO,KLUK,,,
61OI,McCullough Hyde,KOXD,KCVG,,,
OH37,Mercy Anderson,KLUK,KLUK,,,
5OH0,Mercy Clermont,KI69,KLUK,,,
5OH7,Mercy Fairfield,KHAO,KLUK,,,
9OH0,Mercy Mount Orab,KI69,KLUK,,,
32KY,Saint Elizabeth Edgewood,KCVG,KCVG,,,
K62,Gene Snyder,KK62,KCVG,,,
KCVG,Cincinnati-Northern Kentucky International Airport,,,https://www.earthcam.com/usa/ohio/cincinnati/skyline/?cam=cincinnatiskyline,https://www.earthcam.com/usa/kentucky/covington/?cam=covington,
KOXD,Miami University,KOXD,KCVG,,,
I67,Cincinnati West,KI67,KCVG,,,
KMWO,Middletown Regional,KMWO,KDAY,,,