Name,Description
ACADIAN,Acadian Airmed
ADVENT,Advent Health
AEROMED,Aeromed
AIRLINK,Airlink of Oregon
AIRONE,UT Health Air One
ALLEG,Allegheny 
ATLCH,Children's Healthcare of Atlanta
AUGUSTA,Augusta Health
BILLINGS,Billings Clinic
BMERCY,Benefits Mercy Flight
CNO,Children's Hospital of New Orleans
COOKS,Cook Children's
COOPER,Cooper 1
DHART,DHART
DUKE,Duke Life Flight
FIRFLT,Holme's Regional First Flight
GUARD,Guardian Air Transport
HELPFLT,St Vincent Help Flight
IULL,IU Health Life Line
MAMA,Mountain Area Medical Airlift
MEDFLT,MedFlight of Ohio
MEDFRCE,MedForce Aeromedical Transport
MEDSTAR,MedStar Transport
MEMORIAL,Memorial MedFlight
METROLF,Metro Life Flight
MOLL,Mercy Life Line
NIGHTG,Nightingale Regional Air Ambulance
PAFFORD,Pafford Air One
PENNSTAR,PennStar Flight
PROMED,Promedica
REGAIR,Regional Air Medical Services
SUPERIOR,Superior Air Med
SURVIVAL,University of Michigan Survival Flight 
UCAC,University of Cincinnati Air Care
UTAHAM,Utah Airmed
UWMEDFLT,UW Med Flight
VIDANT,Vidant Medical Transport
WAKEFRST,Wake Forest Baptist
WASHCO,Washington Co EMS
WESTMI,West Michigan Air Care